-- MODELO EJECUCION
INSERT INTO test.modelo_ejecucion (id, nombre, descripcion, activo) VALUES (1, 'nombre-1', 'descripcion-1', true);
INSERT INTO test.modelo_ejecucion (id, nombre, descripcion, activo) VALUES (2, 'nombre-2', 'descripcion-2', true);

-- MODELO UNIDAD
INSERT INTO test.modelo_unidad (id, unidad_gestion_ref, modelo_ejecucion_id, activo) VALUES (1, 'unidad-001', 1, true);
INSERT INTO test.modelo_unidad (id, unidad_gestion_ref, modelo_ejecucion_id, activo) VALUES (2, 'unidad-002', 2, true);

-- TIPO_FINALIDAD
INSERT INTO test.tipo_finalidad (id,nombre,descripcion,activo) VALUES (1,'nombre-1','descripcion-1',true);
INSERT INTO test.tipo_finalidad (id,nombre,descripcion,activo) VALUES (2,'nombre-2','descripcion-2',true);

-- MODELO TIPO FINALIDAD
INSERT INTO test.modelo_tipo_finalidad (id, modelo_ejecucion_id, tipo_finalidad_id, activo) VALUES (1, 1, 1, true);
INSERT INTO test.modelo_tipo_finalidad (id, modelo_ejecucion_id, tipo_finalidad_id, activo) VALUES (2, 2, 2, true);

-- TIPO_REGIMEN_CONCURRENCIA
INSERT INTO test.tipo_regimen_concurrencia (id,nombre,activo) VALUES (1,'nombre-1',true);
INSERT INTO test.tipo_regimen_concurrencia (id,nombre,activo) VALUES (2,'nombre-2',true);

-- TIPO AMBITO GEOGRAFICO
INSERT INTO test.tipo_ambito_geografico (id, nombre, activo) VALUES (1, 'nombre-001', true);
INSERT INTO test.tipo_ambito_geografico (id, nombre, activo) VALUES (2, 'nombre-002', true);

-- CONVOCATORIA
INSERT INTO test.convocatoria
(id, unidad_gestion_ref, modelo_ejecucion_id, codigo, fecha_publicacion, fecha_provisional, fecha_concesion, titulo, objeto, observaciones, tipo_finalidad_id, tipo_regimen_concurrencia_id, estado, duracion, tipo_ambito_geografico_id, clasificacion_cvn, formulario_solicitud, activo)
VALUES(1, 'unidad-001', 1, 'codigo-001', '2021-10-15T23:59:59Z', '2021-10-16T23:59:59Z', '2021-10-17T23:59:59Z', 'titulo-001', 'objeto-001', 'observaciones-001', 1, 1, 'REGISTRADA', 12, 1, 'AYUDAS', 'PROYECTO', true);
INSERT INTO test.convocatoria
(id, unidad_gestion_ref, modelo_ejecucion_id, codigo, fecha_publicacion, fecha_provisional, fecha_concesion, titulo, objeto, observaciones, tipo_finalidad_id, tipo_regimen_concurrencia_id, estado, duracion, tipo_ambito_geografico_id, clasificacion_cvn, formulario_solicitud, activo)
VALUES(2, 'unidad-002', 1, 'codigo-002', '2021-10-15T23:59:59Z', '2021-10-16T23:59:59Z', '2021-10-17T23:59:59Z', 'titulo-002', 'objeto-002', 'observaciones-002', 1, 1, 'BORRADOR', 12, 1, 'COMPETITIVOS', 'PROYECTO', true);

-- PROGRAMA
INSERT INTO test.programa (id, nombre, descripcion, programa_padre_id, activo) VALUES (1, 'nombre-001', 'descripcion-001', null, true);

-- CONVOCATORIA ENTIDAD CONVOCANTE
INSERT INTO test.convocatoria_entidad_convocante (id,  convocatoria_id, entidad_ref, programa_id) VALUES (1, 1, 'entidad-001', 1);
INSERT INTO test.convocatoria_entidad_convocante (id,  convocatoria_id, entidad_ref, programa_id) VALUES (2, 1, 'entidad-002', null);
INSERT INTO test.convocatoria_entidad_convocante (id,  convocatoria_id, entidad_ref, programa_id) VALUES (3, 1, 'entidad-003', 1);
INSERT INTO test.convocatoria_entidad_convocante (id,  convocatoria_id, entidad_ref, programa_id) VALUES (4, 1, 'entidad-4', 1);
INSERT INTO test.convocatoria_entidad_convocante (id,  convocatoria_id, entidad_ref, programa_id) VALUES (5, 2, 'entidad-001', 1);
INSERT INTO test.convocatoria_entidad_convocante (id,  convocatoria_id, entidad_ref, programa_id) VALUES (6, 2, 'entidad-002', null);
INSERT INTO test.convocatoria_entidad_convocante (id,  convocatoria_id, entidad_ref, programa_id) VALUES (7, 2, 'entidad-003', null);
INSERT INTO test.convocatoria_entidad_convocante (id,  convocatoria_id, entidad_ref, programa_id) VALUES (8, 2, 'entidad-004', 1);

-- TIPO FASE
INSERT INTO test.tipo_fase (id, nombre, descripcion, activo) VALUES (1, 'nombre-001', 'descripcion-001', true);

--CONVOCATORIA FASE
INSERT INTO test.convocatoria_fase(id, convocatoria_id, tipo_fase_id, fecha_inicio, fecha_fin, observaciones) VALUES (1, 1, 1, '2020-10-01T00:00:00Z', '2020-10-15T23:59:59Z', 'observaciones-1');

-- CONFIGURACION SOLICITUD
INSERT INTO test.configuracion_solicitud 
(id, convocatoria_id, tramitacion_sgi, convocatoria_fase_id, importe_maximo_solicitud) 
VALUES(1, 1, TRUE, 1, 12345);

